{"options":{},"indexes":[{"v":2,"key":{"_id":1},"name":"_id_","ns":"bites.aposDocs"},{"v":2,"key":{"type":1},"name":"type_1","ns":"bites.aposDocs"},{"v":2,"unique":true,"key":{"slug":1},"name":"slug_1","ns":"bites.aposDocs"},{"v":2,"key":{"titleSortified":1},"name":"titleSortified_1","ns":"bites.aposDocs"},{"v":2,"key":{"updatedAt":-1},"name":"updatedAt_-1","ns":"bites.aposDocs"},{"v":2,"key":{"tags":1},"name":"tags_1","ns":"bites.aposDocs"},{"v":2,"key":{"published":1},"name":"published_1","ns":"bites.aposDocs"},{"v":2,"key":{"_fts":"text","_ftsx":1},"name":"highSearchText_text_lowSearchText_text_title_text_searchBoost_text","ns":"bites.aposDocs","default_language":"none","weights":{"highSearchText":10,"lowSearchText":2,"searchBoost":150,"title":100},"language_override":"language","textIndexVersion":3},{"v":2,"key":{"parkedId":1},"name":"parkedId_1","ns":"bites.aposDocs"},{"v":2,"key":{"advisoryLock._id":1},"name":"advisoryLock._id_1","ns":"bites.aposDocs"},{"v":2,"key":{"path":1,"level":1},"name":"path_1_level_1","ns":"bites.aposDocs"},{"v":2,"unique":true,"key":{"path":1},"name":"path_1","ns":"bites.aposDocs","sparse":true},{"v":2,"key":{"level":1,"rank":1},"name":"level_1_rank_1","ns":"bites.aposDocs"},{"v":2,"key":{"historicUrls":1},"name":"historicUrls_1","ns":"bites.aposDocs"}],"uuid":"cdf800658cef40a2badd510300295822"}